#{"t_start": 1734875469.705396, "env_id": "Walker2d-v4"}
r,l,t
4148.090365,1000,11.593862
